"id","site_id","pseudo","roles","password","last_name","first_name","phone","mail","is_active"
"11437","620","nicolas.georges1499","[""ROLE_USER""]","k+ti8onp(F!Jvi>S","Nicolas","Léon","01 46 04 43 24","alix05@voila.fr","0"
"11438","619","pierre286432","[""ROLE_USER""]","x2!bn^TH{[Qa&DUk=","Barbier","Xavier","+33 1 06 17 64 ","eleonore.chretien@ribeiro.net","0"
"11439","616","henri.hoarau507","[""ROLE_USER""]","o~4GWeb*-1:}G<C~G'q","Pruvost","Xavier","02 01 49 27 17","adele33@hotmail.fr","0"
"11440","611","gosselin.richard870","[""ROLE_USER""]","O5,J""vG-&]u;","Bonnet","Laetitia","+33 9 10 63 47 ","sylvie.moulin@thibault.net","0"
"11441","617","olivier.seguin8955","[""ROLE_USER""]","PdPNIOP|z)l<","Roux","Henriette","08 23 34 47 94","dchauveau@boulay.fr","0"
"11442","613","mmartins1217","[""ROLE_USER""]","4Ar*6bF/M-KkYj&","Coste","Denis","0952526841","pleroux@noos.fr","0"
"11443","613","grenier.thomas8986","[""ROLE_USER""]","l/{C2z""o60IX[F{m6%","Maillet","Adèle","+33 5 32 33 04 ","kgarcia@thibault.com","0"
"11444","618","wbaudry491","[""ROLE_USER""]","Q(9bt,UBx","Raynaud","Jules","+33 8 11 97 70 ","lecoq.jacqueline@tele2.fr","0"
"11445","614","ochartier1878","[""ROLE_USER""]","`5E{U&8sn>ly","Barthelemy","Jacqueline","+33 (0)9 35 63 ","gilles.buisson@hotmail.fr","1"
"11446","614","faure.ines238","[""ROLE_USER""]","A>pC@V5","Guillon","Laetitia","+33 4 33 84 43 ","alix.lombard@laposte.net","0"
"11447","620","noel.alain3780","[""ROLE_USER""]","$<=""Yl","Dias","Christiane","01 80 79 55 26","besson.lorraine@laposte.net","0"
"11448","619","maryse948874","[""ROLE_USER""]","f,=*m.O9+PKD","Arnaud","Raymond","0897786935","xclement@dumont.net","1"
"11449","617","jules.didier4588","[""ROLE_USER""]","yiv>XydM:kPb","Ruiz","Marc","0311188973","jacques71@poirier.com","0"
"11450","619","diane.gimenez5238","[""ROLE_USER""]","$C\g@G/7mMll8W]8HYG?","Lefort","Suzanne","+33 (0)4 59 70 ","aimee.clerc@yahoo.fr","0"
"11451","620","creynaud1586","[""ROLE_USER""]","Tt+%C9WG;_K","Evrard","Julie","+33 (0)4 02 93 ","philippe.chantal@deoliveira.co","0"
"11452","612","nperon3741","[""ROLE_USER""]","/w}9gn$.z""(wP1/T?","Meyer","Marcel","01 32 75 99 56","nath.perez@yahoo.fr","0"
"11453","616","alves.emmanuel8954","[""ROLE_USER""]","R;]~_CLfy9EF0UH+CqT","Weber","Robert","0525490634","henri75@orange.fr","0"
"11454","616","khamon1693","[""ROLE_USER""]","+Hr)'P-S/buOFN","Antoine","Aimée","03 87 97 35 78","franck.pichon@giraud.com","0"
"11455","617","yves313871","[""ROLE_USER""]","z9a(k@m]Zz#xv]","Courtois","André","+33 2 32 04 29 ","gimenez.henri@sfr.fr","0"
"11456","618","jacques.deoliveira5870","[""ROLE_USER""]","nBwTDuAqH,","Poirier","Colette","0352282864","lpetit@garcia.com","0"
"11457","616","kfernandes8749","[""ROLE_USER""]","Hfr^=p~&%","Labbe","Alexandria","+33 6 84 23 03 ","ramos.louis@rousseau.fr","0"
"11458","618","joseph49457","[""ROLE_USER""]","Yjpw(VX@8f","Duval","Nath","0266362138","elodie44@free.fr","0"
"11459","618","julie.gonzalez8547","[""ROLE_USER""]",";7^$K6/sc&bZ6.","Bouchet","Catherine","+33 (0)1 43 36 ","denise.gonzalez@sfr.fr","0"
"11460","620","roland858435","[""ROLE_USER""]","skenH]RnNm{++]C#i-","Courtois","Alex","+33 4 94 98 98 ","dominique73@club-internet.fr","0"
"11461","615","margaud043452","[""ROLE_USER""]","jH-?J=~I-O5","Gonzalez","Patrick","0185062179","louise24@jacques.com","0"
"11462","613","theodore044142","[""ROLE_USER""]","cZ+&@t{:'0vAt/a","Bigot","Hugues","0151071955","urolland@bousquet.com","0"
"11463","616","antoinette.camus3965","[""ROLE_USER""]","GkWr_Tq@","Ramos","Valérie","+33 1 43 40 46 ","faivre.christophe@pages.com","0"
"11464","615","jpascal982","[""ROLE_USER""]","9PvaF>U3O-3/J}dOcf","Dubois","Denise","0913386528","gautier.patricia@ramos.fr","0"
"11465","619","pgodard4122","[""ROLE_USER""]","m+@""r]1\t.","Diallo","Joséphine","+33 5 37 92 83 ","frederique22@rousseau.org","0"
"11466","612","jerome105528","[""ROLE_USER""]",":zUNLS!","Baudry","Rémy","02 95 35 95 63","torres.anastasie@bernier.com","0"
"11467","617","pmarin9503","[""ROLE_USER""]","|rQ%=v$B[Z){@uQ;8>Km","Devaux","Dorothée","0196369258","hoarau.alain@hotmail.fr","0"
"11468","620","hugues975660","[""ROLE_USER""]","X)KF\[C.","Leduc","Chantal","0780865489","mfournier@ifrance.com","0"
"11469","612","guy.blondel5457","[""ROLE_USER""]","B)dgO)M]k7UQf","Traore","Roland","03 22 84 61 37","simone38@parent.fr","0"
"11470","614","antoine269767","[""ROLE_USER""]","tt`+gI6[","Perret","Thibault","0499100624","timothee49@gilles.fr","0"
"11471","615","victor.leroux3289","[""ROLE_USER""]","""VaLO%#H79g!h","Pages","Richard","0276798923","royer.eugene@jacob.com","0"
"11472","612","dorothee096227","[""ROLE_USER""]","%_qNff.cIk}j'M2$","Lesage","Théophile","+33 1 87 32 08 ","sabine80@club-internet.fr","0"
"11473","617","garnier.danielle3123","[""ROLE_USER""]","S~)K>.xWlv=-mb}","Alexandre","Élisabeth","03 96 35 15 92","fouquet.robert@gmail.com","0"
"11474","618","arthur349266","[""ROLE_USER""]","LC5/T7","Leleu","Joséphine","0221319426","nathalie.gallet@hoareau.com","0"
"11475","615","zhenry9652","[""ROLE_USER""]","-Vy|\N<vy;T\4","Gregoire","Guy","+33 7 80 79 51 ","coste.marthe@hardy.com","0"
"11476","619","wlacroix3331","[""ROLE_USER""]","@O<0JS$N4Byn;RB+q","Lambert","Rémy","+33 (0)9 05 46 ","paulette.clerc@bonnin.com","1"
"11477","620","hugues.barre3378","[""ROLE_USER""]","DH7""2hb95bM'A.","Roussel","Valentine","+33 5 23 93 91 ","renee.traore@hotmail.fr","0"
"11478","616","legoff.margaux8311","[""ROLE_USER""]","oveNZ2btNt","Pages","Thibault","+33 (0)1 02 58 ","alejeune@dubois.net","0"
"11479","614","bourdon.laurent3341","[""ROLE_USER""]","`Y`,,W/zj_","Thierry","Joseph","0434911799","monnier.georges@launay.net","0"
"11480","611","nicole.barthelemy2277","[""ROLE_USER""]","u`{5}""f.zC-""[*","Delmas","Adrien","0232119603","lblanchet@morel.fr","0"
"11481","616","zacharie.noel9375","[""ROLE_USER""]","Swu<$=8_(5oPDSZag","Perret","Aimé","+33 4 34 95 92 ","sleclerc@ifrance.com","0"
"11482","618","diallo.guy5704","[""ROLE_USER""]","9?zgTX","Voisin","Jeannine","02 44 54 68 79","emmanuelle96@nicolas.net","0"
"11483","617","peron.cecile6324","[""ROLE_USER""]","~jWJBu&","Louis","Antoine","06 40 39 24 94","catherine.imbert@barbe.com","0"
"11484","620","denis.leger7822","[""ROLE_USER""]","\lA&5Kj","Mallet","Lucy","0892449751","david.franck@club-internet.fr","0"
"11485","620","jaubert7113","[""ROLE_USER""]","N@mS(y,|b+","Fernandes","Augustin","+33 (0)1 64 15 ","edouard30@marty.com","0"
"11486","614","denise.leveque4988","[""ROLE_USER""]","/~bT{-#IOXYT^","Bertin","Thibault","+33 (0)9 05 99 ","herve.lucas@klein.fr","0"
"11487","617","philippe.christelle6213","[""ROLE_USER""]","2Rd7(K@PJD07sZ_.","Besson","Virginie","0749200721","emarques@maillard.org","0"
"11488","616","ufournier2857","[""ROLE_USER""]","r,n}JE55","Joseph","Laetitia","+33 1 11 33 85 ","thierry.william@masse.com","0"
"11489","611","camille.maury4639","[""ROLE_USER""]","F55}Uy~zok#o,gp","Faure","Véronique","+33 7 67 17 70 ","auguste.becker@noos.fr","0"
"11490","613","fischer.francois7578","[""ROLE_USER""]","e{PNjXz8~&","Brunel","Olivie","+33 3 28 93 02 ","bruneau.marthe@laposte.net","0"
"11491","615","lemonnier.pierre9491","[""ROLE_USER""]","m$y;d*pCP5&""h'M","Collet","Céline","+33 3 93 80 20 ","henri.noel@gmail.com","0"
"11492","616","hrousseau4640","[""ROLE_USER""]","}dN82c{D","Perrier","Michel","+33 (0)1 86 05 ","rene39@tele2.fr","0"
"11493","615","francoise738963","[""ROLE_USER""]","ES^h>f<uw+%","Dumont","Timothée","0897516822","dklein@boucher.fr","0"
"11494","617","dufour.charles2397","[""ROLE_USER""]","2x;W^1$aX1'2,n4)","Guyon","Antoinette","+33 (0)1 54 53 ","etienne.godard@jean.fr","0"
"11495","614","lucie.giraud390","[""ROLE_USER""]","etW=}(nvA+XB@-","Turpin","Jacques","+33 (0)2 95 21 ","emichaud@allard.fr","0"
"11496","617","noel.lopez4099","[""ROLE_USER""]","]8v$hMTBs#4AZ&xn[)Vh","Lecomte","Laurent","02 94 99 23 92","riviere.margot@bouygtel.fr","0"
"11497","619","nicolas.gerard7590","[""ROLE_USER""]","ID4WN)Y8O9tJg_H9""","Evrard","Sébastien","04 38 88 04 72","ebrunet@bouygtel.fr","0"
"11498","618","emorvan1477","[""ROLE_USER""]","nX`9fN","Hubert","Georges","+33 (0)5 88 49 ","acarlier@noos.fr","0"
"11499","616","besnard.franck8428","[""ROLE_USER""]","^PbnlqTJ=-y$WO)?n:","Barthelemy","Jérôme","0739722326","klein.xavier@dbmail.com","0"
"11500","620","laurent389175","[""ROLE_USER""]","_tbTf""","Hubert","Roland","+33 2 81 10 56 ","jules.besnard@blondel.com","0"
"11501","619","andre.lefevre6277","[""ROLE_USER""]","(Ea(H>","Pires","Margaret","+33 (0)9 37 49 ","zcharles@gmail.com","0"
"11502","611","bmaury9347","[""ROLE_USER""]","Xy77LJq:x-OdVhz=OU","Fontaine","Alexandria","0120121836","hbreton@orange.fr","0"
"11503","615","slacombe5583","[""ROLE_USER""]","_S""483)vxg9wBY^8","Dijoux","Bernadette","+33 1 33 21 28 ","tlefevre@sfr.fr","1"
"11504","615","sebastien228292","[""ROLE_USER""]","a3Iy.fzRgOjbJ*","Guyon","Catherine","+33 (0)5 29 10 ","besnard.olivier@philippe.fr","0"
"11505","619","suzanne.parent5326","[""ROLE_USER""]","RUU&<E)v\Gke","Joly","Denis","+33 (0)3 65 56 ","adrienne.grondin@fontaine.fr","0"
"11506","611","guillet.etienne8121","[""ROLE_USER""]","6SNNZ{2/","Descamps","Eugène","+33 (0)5 20 90 ","patricia.hoareau@tele2.fr","0"
"11507","612","nathalie.fischer8882","[""ROLE_USER""]","2(^-X<DE)(#$f]tU","Imbert","Laurent","0417895915","adrienne37@moreno.fr","0"
"11508","612","jmillet581","[""ROLE_USER""]","*4OHsUv/""G","Giraud","Guy","0783997977","cduval@laposte.net","0"
"11509","616","noel.margot5414","[""ROLE_USER""]",".0JuFGY)dcloG","Delannoy","Margaux","+33 7 95 17 99 ","thibaut.lecoq@alexandre.net","0"
"11510","619","elodie453812","[""ROLE_USER""]","CAD?5c6AJ'LkG$_zBbw","Poirier","Roger","+33 8 25 04 15 ","durand.arnaude@auger.com","0"
"11511","620","fadam2212","[""ROLE_USER""]","#DFj-B","Michel","Margot","+33 (0)1 96 62 ","andre.benoit@jacquot.org","0"
"11512","617","fpires4577","[""ROLE_USER""]","2S%dCRapecFb0","Allard","Noémi","0403035618","marc34@chauvet.fr","0"
"11513","615","hugues.lopez4966","[""ROLE_USER""]","rj%p,_Ove~","Lemaire","Jean","08 98 87 52 34","auguste.maillard@royer.net","0"
"11514","617","croger8694","[""ROLE_USER""]","i$dv@w>B[<.c","Parent","Marcelle","+33 (0)4 49 59 ","glaine@valette.com","0"
"11515","617","emmanuel.gilbert6673","[""ROLE_USER""]","-[{:RXRG}$'aWP","Blanchet","Dominique","06 57 94 00 19","tmoulin@dbmail.com","0"
"11516","617","christiane.pascal2155","[""ROLE_USER""]","rnMxlogx","Wagner","Michelle","0585125401","dgimenez@yahoo.fr","0"
"11517","618","tchevallier5706","[""ROLE_USER""]","h09]-Hf%PM/6?|5","Dupre","Inès","+33 (0)7 51 25 ","hamon.mathilde@legrand.fr","0"
"11518","613","fcamus6674","[""ROLE_USER""]","qnP<%2","Muller","Théodore","+33 4 90 47 56 ","arthur71@renaud.com","0"
"11519","614","david176287","[""ROLE_USER""]","(9kx]-gpZe0","Merle","Dorothée","+33 3 03 09 35 ","juliette04@berger.org","0"
"11520","615","ufoucher6134","[""ROLE_USER""]","*n9*aNRF$YhZN3","Guillet","Aurélie","+33 (0)7 87 53 ","wroy@live.com","0"
"11521","612","rodrigues.xavier1689","[""ROLE_USER""]","Xc/Li>T1uLwB","Blanchet","Aurore","+33 (0)8 97 01 ","thomas86@poirier.com","0"
"11522","615","hoarau.marcelle3897","[""ROLE_USER""]","-@b%^^l@I>eG^rJ]","Launay","Astrid","+33 8 00 74 48 ","vasseur.marie@ifrance.com","0"
"11523","617","uregnier8403","[""ROLE_USER""]",",FS%I!%F'$?rcI=!\t","Poirier","Alice","+33 8 92 87 64 ","bouchet.elisabeth@wanadoo.fr","0"
"11524","620","paul555869","[""ROLE_USER""]","K8VJGAGsAk[gK:Npd+sN","Mathieu","Olivie","0184828217","pauline50@gonzalez.fr","0"
"11525","613","julien.morvan5168","[""ROLE_USER""]","ddZwB?!Qv4","Blin","Odette","+33 4 03 01 31 ","adrien.cousin@muller.com","0"
"11526","620","maurice98210","[""ROLE_USER""]","rN~wr>*6_C`A'HEzF.","Couturier","Hélène","+33 (0)8 18 20 ","smercier@bonnet.net","1"
"11527","611","blondel.michele1232","[""ROLE_USER""]","vWk(.,FpgnjX;?fG2Re","Coste","Jules","04 58 59 12 73","dlemaire@noel.com","0"
"11528","615","aurelie468428","[""ROLE_USER""]","&Mc60'6Q","Roche","Philippine","+33 6 01 85 41 ","hbruneau@marion.fr","0"
"11529","620","colette568187","[""ROLE_USER""]","u@""8.uB0cw,G_{]d","Lecomte","Gabriel","+33 3 47 28 61 ","marguerite.delattre@clerc.org","0"
"11530","613","qvasseur8457","[""ROLE_USER""]","/N^}!qG=DEFFx}n7","Marin","Gilbert","05 85 05 13 11","thibaut97@guillot.com","0"
"11531","618","philippine735949","[""ROLE_USER""]","*tiXjtJ+","Richard","Étienne","+33 (0)4 87 85 ","torres.yves@tele2.fr","0"
"11532","620","theodore077016","[""ROLE_USER""]",":4-+l`<W;]n8RV","Grenier","Michel","+33 (0)7 78 20 ","lebon.christiane@live.com","1"
"11533","618","noemi502474","[""ROLE_USER""]","-X_;-:b9a7o","Roux","Victor","+33 2 87 87 80 ","amelie03@louis.com","0"
"11534","618","costa.patricia9901","[""ROLE_USER""]","Xt]v{4Tu2;K","Clerc","Yves","+33 (0)5 84 84 ","guillon.benoit@voila.fr","0"
"11535","618","amaillet2253","[""ROLE_USER""]","H5A6A,b?1C=Vr}&)@","Foucher","Marianne","03 90 62 90 30","bertrand14@bigot.org","0"
"11536","613","julien.tanguy346","[""ROLE_USER""]",";e/WM=)`5eL\y\","Schneider","Virginie","09 20 94 91 60","arthur.coulon@club-internet.fr","0"
"11537","619","schmitt.gregoire2751","[""ROLE_USER""]","^v%yAL7DgTvN","Reynaud","Cécile","+33 (0)7 39 72 ","nathalie.herve@dupuy.com","0"
"11538","619","vcolin6585","[""ROLE_USER""]","-^fexQyB5]M","Pages","Emmanuel","0153018493","ldias@live.com","0"
"11539","614","dbouvet1471","[""ROLE_USER""]","%,X!A!#x\|e}|w7lfO*S","Langlois","Lorraine","02 18 25 38 18","julie91@laposte.net","0"
"11540","616","margot.rolland8357","[""ROLE_USER""]",",3;Ypn{g^jX-z]^C","Pinto","Alexandrie","07 66 16 01 16","andre.arnaud@laposte.net","0"
"11541","614","godard.gilles400","[""ROLE_USER""]","ab,ogJw,m~S,A'9Wn@e","Schmitt","Léon","0588579801","martin.elisabeth@orange.fr","0"
"11542","618","petitjean.nicole5785","[""ROLE_USER""]","yvVxz|]","Legros","Philippine","08 28 77 96 47","danielle.millet@hotmail.fr","0"
"11543","614","paulette.allard2221","[""ROLE_USER""]","tY;;W8#iI;&/w(.","Duval","Thomas","+33 (0)1 68 16 ","jacques66@laposte.net","0"
"11544","613","anais.descamps1260","[""ROLE_USER""]","JnW(OJe`""C?S<T(a[","Faure","Georges","+33 (0)9 47 22 ","marie54@noos.fr","0"
"11545","618","chantal207944","[""ROLE_USER""]","F:=~/(\3fRe{s2","Arnaud","Jeannine","0503102907","kguyot@brun.fr","0"
"11546","619","tlecoq9907","[""ROLE_USER""]","<`)|5-@rK[y","Chauvin","Brigitte","+33 1 63 00 44 ","legros.richard@laposte.net","0"
"11547","611","descamps.andree6338","[""ROLE_USER""]","'p)y&q","Philippe","Martine","+33 3 71 42 72 ","noemi.olivier@ifrance.com","0"
"11548","614","henry.franck4072","[""ROLE_USER""]","UNe""[cvi","Leduc","Thérèse","+33 (0)9 73 09 ","raynaud.sebastien@orange.fr","0"
"11549","616","dbodin8172","[""ROLE_USER""]","a'4Z?`*f'G","Guilbert","Franck","01 71 33 78 89","alex.mendes@laposte.net","1"
"11550","618","tlebreton5732","[""ROLE_USER""]","vA<!MV|mB16","Lemoine","Alphonse","01 82 38 39 93","matthieu03@club-internet.fr","0"
"11551","615","michelle.besson9250","[""ROLE_USER""]","c%OK{h{[IinP;ConoH","Louis","Jeannine","09 65 66 15 93","ileger@club-internet.fr","0"
"11552","618","uperrin9370","[""ROLE_USER""]","sA^.(U[m$cD,m9IU","Dupuy","Amélie","06 12 99 57 03","roche.bernard@bouygtel.fr","0"
"11553","612","cecile.colas8927","[""ROLE_USER""]",":aj5Cj%,","Lebreton","Dominique","0630123467","dbourdon@club-internet.fr","0"
"11554","618","pereira.theodore8755","[""ROLE_USER""]","S~RMpQx9?F?hEl@[I&27","Robert","Denis","+33 (0)5 68 06 ","xpages@free.fr","0"
"11555","616","marc.dupre8367","[""ROLE_USER""]","R:-J+=.8AUHxPbg","Georges","William","0142523015","epicard@vincent.fr","1"
"11556","620","mlanglois9244","[""ROLE_USER""]","M$WU/}[@","Pruvost","Julien","0170833242","pages.amelie@bouygtel.fr","0"
"11557","613","stephane.menard5990","[""ROLE_USER""]","k!NL$^=Vc[","Buisson","Gérard","+33 (0)3 68 38 ","hugues36@wanadoo.fr","0"
"11558","618","therese737523","[""ROLE_USER""]","t3vy78B:jMoi,kh[/ty","Laroche","Édith","+33 1 85 01 54 ","jean02@riviere.fr","1"
"11559","612","augustin.godard2844","[""ROLE_USER""]","K{S7WVb(a<3}","Dijoux","René","+33 (0)6 11 81 ","laurent.arnaud@noos.fr","0"
"11560","612","charrier.denise5097","[""ROLE_USER""]","@(SDlO","Dupuis","Margaud","+33 5 11 98 62 ","pmartel@georges.fr","0"
"11561","615","thibaut535377","[""ROLE_USER""]","YI5<JTN)`]tA","Brunet","Claudine","+33 6 12 31 57 ","tbenoit@live.com","0"
"11562","616","bguibert4982","[""ROLE_USER""]","Bk_lJT""Ue~T<?+OG131k","Ribeiro","Aimée","+33 5 49 06 07 ","gregoire.gosselin@parent.com","0"
"11563","611","costa.thibaut160","[""ROLE_USER""]","v0<.Xh5!]cIa""k$3AO{","Dupre","Dominique","+33 1 57 34 39 ","aurore72@pineau.com","0"
"11564","611","tanguy.agathe8233","[""ROLE_USER""]","GwnL>]","Munoz","André","0277711316","william.fontaine@arnaud.com","1"
"11565","613","delmas.matthieu4862","[""ROLE_USER""]","wGjeyI","Roger","Adrienne","0892556672","lorraine.toussaint@hotmail.fr","0"
"11566","618","jacqueline.noel1962","[""ROLE_USER""]","<(-HbIQfZVyAUdYxA_SO","Diallo","Yves","01 54 89 62 50","jacques57@orange.fr","0"
"11567","614","bmerle1819","[""ROLE_USER""]","9jMKRz","Dijoux","Claude","+33 6 73 77 41 ","anais57@bouygtel.fr","0"
"11568","620","vincent.perrot7610","[""ROLE_USER""]","x$w)*i>VmtkfRr@/G@","Pottier","Édith","+33 3 90 51 19 ","hoarau.paul@bigot.com","0"
"11569","612","guerin.andre3422","[""ROLE_USER""]","yq,M+Y]n[kGQ-","Peltier","Élise","+33 9 29 55 63 ","stephane82@voila.fr","0"
"11570","613","gregoire846844","[""ROLE_USER""]","WmAr6+v+}D","Ollivier","Christelle","05 28 01 28 81","blegendre@hebert.net","0"
"11571","613","philippe069543","[""ROLE_USER""]","N;6GGfje'7r","Ledoux","Laurence","0804780100","qtexier@tiscali.fr","0"
"11572","614","pichon.michele2318","[""ROLE_USER""]","gJT5q+VSU[dP6""V9{4g$","Gay","Isabelle","0754489437","klemaitre@tele2.fr","0"
"11573","614","anne.boyer49","[""ROLE_USER""]","olpWIs6H0>v)Z[-H`lT.","Caron","Robert","+33 (0)7 42 02 ","aroyer@yahoo.fr","0"
"11574","616","bourgeois.etienne7308","[""ROLE_USER""]","*T;@p_#p3>_28g","Fleury","Alain","+33 1 62 42 81 ","bouvier.caroline@masse.fr","0"
"11575","619","vincent.roy2100","[""ROLE_USER""]","k8!;v>","Traore","Patrick","0645311834","penelope11@free.fr","0"
"11576","619","thomas.jules4378","[""ROLE_USER""]","`dRip'&du:LGu,6?AJ]M","Rousset","Henriette","+33 5 24 58 92 ","laurent.marie@yahoo.fr","1"
"11577","619","hlevy58","[""ROLE_USER""]","j;p&(|","David","Alex","+33 5 15 08 09 ","antoinette09@club-internet.fr","0"
"11578","619","bernadette242147","[""ROLE_USER""]","HHrLyW)","Paris","Gilles","0445348321","simone.grondin@evrard.net","0"
"11579","613","kbouvet5975","[""ROLE_USER""]","uqT`3)","Traore","Martin","01 35 82 42 75","frederic30@gmail.com","0"
"11580","617","owagner339","[""ROLE_USER""]","6Uz-t$/","Gregoire","Martine","0428611397","troyer@leroux.com","0"
"11581","616","jmichel430","[""ROLE_USER""]","j7ubi\5~s2ug,4","Mace","Renée","02 83 16 06 65","ccarlier@laposte.net","0"
"11582","614","perret.auguste8991","[""ROLE_USER""]","[&m?zdNn]8IcT5&|=|!","Schmitt","Pierre","0938312067","frederique.lemonnier@hotmail.f","0"
"11583","618","marianne.paris814","[""ROLE_USER""]","$nR8kq!}SS`ws""^=","Royer","Sabine","06 03 30 57 86","gaudin.laurent@godard.fr","0"
"11584","613","grondin.richard5360","[""ROLE_USER""]","Ay@5U.n}C&7|z/p=.r","Bouvet","Tristan","+33 (0)5 21 29 ","stephane.tanguy@garnier.fr","0"
"11585","619","iramos3","[""ROLE_USER""]","D9N=.r$#$xD(G[#Y0bK1","Cousin","Laurence","+33 1 77 81 87 ","martinez.valerie@tiscali.fr","0"
"11586","612","rey.olivier1275","[""ROLE_USER""]","IH{W,z0xkX","Humbert","Rémy","04 33 55 80 77","gabrielle.benoit@jacques.fr","0"
"11587","619","margot.gilles4968","[""ROLE_USER""]","zsZ/iJ4$44VuV","Merle","Anastasie","+33 6 93 09 59 ","isaac00@voila.fr","0"
"11588","616","frederic.besson8989","[""ROLE_USER""]","-L%DpDjeD$MM","Begue","Philippine","+33 1 04 52 70 ","margaux82@gmail.com","0"
"11589","618","bfischer4539","[""ROLE_USER""]","&Oqz3=Z5","Pruvost","Joseph","0302281934","slelievre@jacob.fr","1"
"11590","620","elodie.chevalier9706","[""ROLE_USER""]","+C&@z71e4DhjS""","Monnier","Renée","06 15 98 96 43","andree.vidal@vincent.org","0"
"11591","620","rchevalier4991","[""ROLE_USER""]","HdoZ7BY)@y","Paris","Marie","0636883412","manon.torres@ledoux.net","0"
"11592","612","georges.voisin2807","[""ROLE_USER""]","mJE`m1:","Perez","Adrien","0231686969","pmoreau@yahoo.fr","0"
"11593","613","tristan431103","[""ROLE_USER""]","aw(5>NZ?lgA\uT4Iv6@","Guillou","Gabrielle","+33 4 09 92 36 ","charles.gay@sfr.fr","0"
"11594","613","emile257841","[""ROLE_USER""]",":p=:z<^WQr7h`R*X","Thomas","Constance","07 92 71 35 64","daniel.pichon@toussaint.com","0"
"11595","616","rriou728","[""ROLE_USER""]","ye'j&zz","Hoareau","Lucy","+33 (0)3 32 59 ","margot39@voila.fr","0"
"11596","611","olivie453933","[""ROLE_USER""]","}Q35gQ5&","Bruneau","Marie","+33 8 99 87 35 ","anouk82@guerin.com","0"
"11597","614","coulon.matthieu9126","[""ROLE_USER""]","Vc0""@E%","Costa","Guy","0374192764","lcohen@roger.com","0"
"11598","612","lebreton.auguste5729","[""ROLE_USER""]",":]IT/D0Uhl)U","Antoine","Lucas","+33 (0)1 51 19 ","amelie.marchand@verdier.net","0"
"11599","617","robert.philippine8478","[""ROLE_USER""]","F/}K-""XQqN4aT@uiDw)","Vasseur","Dorothée","+33 (0)6 79 99 ","letellier.capucine@tiscali.fr","0"
"11600","618","hadam7941","[""ROLE_USER""]","<'@A*N.NWO<41@","Guilbert","Henriette","+33 2 63 70 57 ","etienne33@wanadoo.fr","0"
"11601","620","ines847575","[""ROLE_USER""]","B?fW;k=;L~P","Weiss","Élise","0658509832","alix94@gomez.fr","0"
"11602","618","aime.noel1782","[""ROLE_USER""]",",#87a<M(k<-","Costa","Patrick","05 28 55 51 99","ediaz@club-internet.fr","0"
"11603","620","wregnier7890","[""ROLE_USER""]","5_c@;}l\","Mendes","Étienne","+33 (0)1 28 00 ","baudry.aurore@yahoo.fr","0"
"11604","613","michelle.mahe7654","[""ROLE_USER""]","QGrhg#Y$o#{rLU","Wagner","Josette","0167863431","richard.elisabeth@foucher.com","0"
"11605","614","nathalie.guyot8120","[""ROLE_USER""]","IZQoM3|9_@Hca5z+S)HN","Carre","Adrien","+33 5 92 20 58 ","lleleu@renaud.com","0"
"11606","613","christiane734410","[""ROLE_USER""]","|B9q{@Lq.-OUL","Bourdon","Alexandre","+33 (0)6 97 23 ","patrick.gregoire@hotmail.fr","0"
"11607","617","julie492890","[""ROLE_USER""]","I]=+u&r5M\ca=n7]u?D","Robin","Nicolas","+33 7 84 19 34 ","martin01@dbmail.com","0"
"11608","615","chantal.lucas7490","[""ROLE_USER""]","FhXv$Dk>Y2:""8","Laurent","Patrick","01 50 43 91 24","danielle54@rossi.fr","0"
"11609","618","corinne.berger1368","[""ROLE_USER""]","/bJu[q_X;Z%f'QS`""+M","Grondin","Thibault","+33 (0)4 47 88 ","olivier.descamps@andre.net","0"
"11610","611","brunet.arthur6241","[""ROLE_USER""]",">Ui\f+I|{eY+YASz&7","Gillet","Théodore","+33 6 04 79 17 ","lcohen@philippe.org","0"
"11611","620","catherine.ferreira537","[""ROLE_USER""]","k6ADPf<LRNt|TF""","Charrier","Isabelle","+33 (0)2 95 58 ","alexandria24@jacquot.fr","0"
"11612","619","philippe612684","[""ROLE_USER""]","Q9-""=R0y}FC*D5q~x?","Marty","Nath","0136685127","camille22@imbert.net","0"
"11613","619","setienne5057","[""ROLE_USER""]","5""HRgN'G>]A^QU]","Le Roux","Valentine","+33 (0)8 06 57 ","texier.thierry@prevost.net","0"
"11614","613","francoise126117","[""ROLE_USER""]","Regw1''y,]Id!Z&p%","Sanchez","Élise","07 95 58 71 79","camille.antoine@caron.fr","0"
"11615","617","briand.celina2720","[""ROLE_USER""]","x]/l~HQ4[*T.G/dZJ","Ledoux","Xavier","0814932665","joseph12@leclercq.org","0"
"11616","619","hrodrigues8861","[""ROLE_USER""]","S[T2{78S5NyfgZwr!T7","Colas","Émile","08 27 68 61 37","louis.baudry@live.com","0"
"11617","615","celina517072","[""ROLE_USER""]","Vo0.km!tjQzpt0","Duhamel","Lucie","+33 8 15 04 63 ","joseph79@hotmail.fr","0"
"11618","616","xgosselin7181","[""ROLE_USER""]","mw%GraQyk<%[#{x?","Toussaint","Alphonse","03 09 03 35 19","bodin.monique@tiscali.fr","0"
"11619","615","penelope431405","[""ROLE_USER""]","1sph_aaPT[i^;_``NTnS","Fischer","Paul","+33 (0)9 68 83 ","theophile72@sfr.fr","0"
"11620","617","pierre.roland8041","[""ROLE_USER""]","]2)ukR%HmUGq4x0,Nw","Lecomte","Céline","+33 (0)7 72 23 ","ythibault@bouygtel.fr","0"
"11621","619","genevieve.lucas3868","[""ROLE_USER""]",")=.N~$ZSbx-_Mix&","Ollivier","Arthur","01 41 33 57 83","zacharie98@guillot.com","0"
"11622","611","jacques.pierre9523","[""ROLE_USER""]","!rwF]/Z!""","Duval","Marcelle","+33 (0)9 26 04 ","honore49@martin.com","0"
"11623","614","kmunoz9354","[""ROLE_USER""]","W,s3*oWZ.k`w&#|^w*","Marty","Françoise","01 00 98 39 27","wcollet@wanadoo.fr","0"
"11624","616","audrey.dacosta8662","[""ROLE_USER""]","`U@)6>sjK(5S""N;\","Chauvet","Luce","0578171331","marc.michaud@voila.fr","1"
"11625","611","adam.ines8369","[""ROLE_USER""]","FpC\y{7ode","Maillot","Danielle","+33 (0)7 88 27 ","pauline23@voila.fr","0"
"11626","613","marc.carlier1423","[""ROLE_USER""]","y_wa;$T4VHQY.#","Salmon","Aurore","03 17 57 50 07","wbarre@ifrance.com","0"
"11627","615","delmas.monique9272","[""ROLE_USER""]","1L(%JNV?:~A","Martins","Louise","06 83 80 53 40","opicard@collin.fr","0"
"11628","617","hugues794105","[""ROLE_USER""]","lPn66z=-BG6jL4A}G<HS","Remy","Laurent","06 65 06 69 33","pbuisson@rolland.com","0"
"11629","619","fmartinez248","[""ROLE_USER""]","0aRdoD=CEUkc","Pichon","Nicolas","+33 1 50 82 69 ","agnes.leblanc@wanadoo.fr","0"
"11630","613","ybertin8094","[""ROLE_USER""]","N_A@K0xF","Alves","Pierre","+33 6 24 01 25 ","louis.legros@lefevre.com","0"
"11631","611","celine.louis9240","[""ROLE_USER""]","X4y_mU","Gaillard","Louis","+33 9 61 45 76 ","nrobin@devaux.com","0"
"11632","612","nberger4621","[""ROLE_USER""]","<YGsaz7j","Coste","Nicolas","0173525410","chantal32@raymond.com","1"
"11633","617","gmorvan3408","[""ROLE_USER""]",":c:O\'IFtE>vPrw&j","Pasquier","Adrienne","+33 (0)3 72 89 ","christophe84@gros.fr","0"
"11634","614","alice.bazin7718","[""ROLE_USER""]","RUkA"")*1e]4t^g","Vincent","Suzanne","0107172785","denis73@laposte.net","0"
"11635","620","matthieu934180","[""ROLE_USER""]","z&W%G)Bq$R:{R.#R`D","Lambert","Emmanuelle","+33 (0)7 86 26 ","mleclercq@orange.fr","1"
"11636","612","elodie.samson9935","[""ROLE_USER""]","CInfZ6W>:","Lacombe","Georges","+33 (0)2 68 42 ","gabrielle.mendes@merle.com","0"
"11637","618","juliette.schneider8108","[""ROLE_USER""]","(vF})Z-Ccfi+H;9.\mfm","Jacques","Zacharie","+33 (0)6 96 07 ","julien.charlotte@pages.fr","0"
"11638","614","agnes.wagner8659","[""ROLE_USER""]",",ps}&NAQW","Dubois","Isaac","0895105570","agathe.thomas@robert.org","1"
"11639","615","lucy.morin2396","[""ROLE_USER""]","z>=[n3iHwHf>%{#","Bourdon","Raymond","0372541619","qalbert@gilbert.com","0"
"11640","619","olacroix5419","[""ROLE_USER""]",":td5]2|6scb@","Muller","Michèle","02 53 27 14 64","emmanuelle89@mathieu.fr","0"
"11641","616","penelope4642","[""ROLE_USER""]","h=M|ky\p/z5mHX..r!","Pasquier","Diane","+33 (0)3 13 15 ","adrien.fouquet@parent.fr","0"
"11642","620","astrid565362","[""ROLE_USER""]","'<n'P/33ICN#FT","Duhamel","Nathalie","+33 (0)8 25 60 ","augustin.dasilva@monnier.fr","0"
"11643","620","martins.denis5694","[""ROLE_USER""]","D,)=Wg{$","Guibert","Julie","07 63 25 21 07","valentine.ramos@noos.fr","1"
"11644","616","ileroy6221","[""ROLE_USER""]","do;d~HB","Rolland","Louis","0113000294","mendes.anouk@leger.com","0"
"11645","620","margaret.guerin9577","[""ROLE_USER""]","/=%{>Ax","Fabre","Marguerite","+33 8 20 87 72 ","marcel.legrand@wanadoo.fr","0"
"11646","613","rossi.roland7334","[""ROLE_USER""]","$\!#Fl{<q","Bertrand","Éléonore","0673523637","elodie.hamon@noos.fr","0"
"11647","613","fcosta5212","[""ROLE_USER""]","}f%RG*/PcdoP:9wh(N,","Girard","Noémi","+33 (0)9 72 24 ","christophe.etienne@noos.fr","0"
"11648","612","jean728594","[""ROLE_USER""]","E`77ifWZ[k0hv","Chartier","Thibault","08 14 56 81 46","matthieu.moreau@leveque.net","0"
"11649","614","rbrunet3783","[""ROLE_USER""]","`8VhL'ISePxgB","Potier","Anne","+33 8 98 81 75 ","edouard83@vincent.org","0"
"11650","616","thomas.voisin6344","[""ROLE_USER""]",".4S!tPnqZMS(","Poirier","Paulette","04 94 09 54 55","penelope19@gros.fr","0"
"11651","611","legoff.maryse5208","[""ROLE_USER""]","bTT#Qx^t2BX+P","Ruiz","Benoît","+33 (0)9 36 25 ","genevieve81@baron.com","0"
"11652","614","uantoine7556","[""ROLE_USER""]","]x)dq:G_7Jy(\e((qM5%","Charrier","Louis","+33 (0)1 57 30 ","genevieve.pineau@gallet.net","1"
"11653","619","levy.edouard1403","[""ROLE_USER""]","gRF:kS=p","Cohen","Martin","+33 5 12 21 22 ","drenard@marion.com","0"
"11654","618","edouard.pineau6961","[""ROLE_USER""]",",|]?zK3j,F,lj","Bouvier","Gilles","+33 6 80 39 39 ","anicolas@tele2.fr","0"
"11655","618","fleroux8883","[""ROLE_USER""]","N-p:a>-wh","Leblanc","Stéphanie","04 71 75 26 62","marthe67@yahoo.fr","0"
"11656","614","frederic719560","[""ROLE_USER""]","!R)RJ~!cg1","Adam","Astrid","+33 9 82 70 50 ","bertrand15@fernandez.fr","0"
"11657","611","gauthier.laurence2366","[""ROLE_USER""]","5o8%\},","Camus","Zacharie","0218883993","dupuy.emile@riviere.com","0"
"11658","617","kdidier7727","[""ROLE_USER""]","qfK2cv","Rey","Célina","+33 8 99 72 32 ","xavier.caron@aubert.org","0"
"11659","611","etienne.philippe3976","[""ROLE_USER""]","Gx29V\4/B","Paul","Nathalie","+33 9 00 61 58 ","lombard.elise@noos.fr","0"
"11660","617","briand.maryse5005","[""ROLE_USER""]","""SpC)JdPnc&U[H*{)*","Rey","Franck","0120791741","genevieve13@free.fr","0"
"11661","611","marcel022703","[""ROLE_USER""]","lnXA^^y^gA","Torres","Christophe","05 16 93 21 32","gilles.blondel@voila.fr","0"
"11662","617","vgaillard9051","[""ROLE_USER""]","`ICSCR*kMU;*497'3k","Da Costa","Thérèse","+33 (0)4 13 68 ","ylebreton@live.com","1"
"11663","618","alfred.colas8106","[""ROLE_USER""]","UQBw!K,m6","Maillard","Martine","01 94 55 68 66","ggilbert@tele2.fr","0"
"11664","619","lcollet2080","[""ROLE_USER""]","W+J!^(C1i:y","Rodrigues","Théodore","+33 2 32 87 97 ","adrien27@ifrance.com","0"
"11665","616","martel.manon6132","[""ROLE_USER""]","x,zBk8xPBBv.XsRp","Delorme","Guy","+33 (0)1 89 90 ","bernard.suzanne@wanadoo.fr","0"
"11666","616","adrien.martinez2746","[""ROLE_USER""]","6tJbgDtm^v)mQ~j","Noel","Dominique","+33 4 33 72 79 ","ehoarau@club-internet.fr","0"
"11667","612","luc.lombard3390","[""ROLE_USER""]","NICd;.xV)8#O]aiYvH9g","Pires","Étienne","+33 (0)3 20 76 ","jacques58@garnier.net","0"
"11668","613","vincent103569","[""ROLE_USER""]","V$k@ge4DpalTd/O'n7s}","Robin","Monique","02 02 81 94 71","leblanc.elisabeth@orange.fr","0"
"11669","618","adam.nathalie4896","[""ROLE_USER""]","?[\-vri4-~","Martin","Aurore","+33 (0)3 68 02 ","neveu.matthieu@yahoo.fr","0"
"11670","612","leroux.christophe4371","[""ROLE_USER""]","&(CMZu7Q$Ws$_aV","Germain","Daniel","0897792266","ythomas@hotmail.fr","0"
"11671","619","benoit674258","[""ROLE_USER""]","0pjdP&np","Gay","Thierry","06 58 61 03 53","camille.bazin@blondel.net","1"
"11672","612","martin841724","[""ROLE_USER""]","\F,cqi8","Gautier","Véronique","+33 (0)2 66 06 ","besson.claude@dbmail.com","0"
"11673","617","bmartel8280","[""ROLE_USER""]","'%G3:3D{'bDm</)j-qb4","Guillot","Charles","+33 4 88 07 27 ","robert59@sfr.fr","0"
"11674","617","gonzalez.dominique8824","[""ROLE_USER""]",")mQvbj]vw","Diallo","Maggie","+33 (0)5 13 81 ","irenault@yahoo.fr","1"
"11675","614","daniel.carlier486","[""ROLE_USER""]","Mj6\~;HVa_(?w9","Charrier","Honoré","0169684354","amelie23@voila.fr","0"
"11676","611","lopez.oceane3857","[""ROLE_USER""]","&vI;JKaT","Mallet","Célina","01 80 44 16 93","renaud.laurent@bruneau.com","0"
"11677","617","brigitte.nguyen5940","[""ROLE_USER""]",")mao*>jeO<0","Morvan","Gérard","0616290179","oloiseau@letellier.fr","0"
"11678","617","helene311278","[""ROLE_USER""]","x\BV~hw2<]?","Teixeira","Gilbert","+33 4 15 62 15 ","bouvet.noel@henry.fr","0"
"11679","616","rdossantos2235","[""ROLE_USER""]","ml-v-*R8ZO","De Sousa","Margot","+33 (0)1 86 88 ","alice73@tele2.fr","0"
"11680","620","alphonse241411","[""ROLE_USER""]","Wwbe&74mp","Besson","Diane","01 19 79 77 17","genevieve20@tele2.fr","0"
"11681","614","martel.victoire1737","[""ROLE_USER""]","d57M@;=.Avs!2b_,","Robert","Zacharie","+33 (0)5 40 87 ","jean.frederic@live.com","0"
"11682","611","ollivier.gregoire1079","[""ROLE_USER""]","XiXXT)3","Leveque","Anouk","+33 8 93 39 89 ","chantal11@pichon.com","0"
"11683","619","lemaitre.jerome6168","[""ROLE_USER""]","Blvz30""Cf`3O:43","Martineau","Alfred","04 33 60 79 31","maillard.zoe@guillet.com","0"
"11684","616","maggie542082","[""ROLE_USER""]","d+HnfoBvmQ?Xi{""_","Marchal","Bernard","0111717896","slouis@orange.fr","0"
"11685","619","moreau.gilbert8234","[""ROLE_USER""]","A@?~06","Fontaine","Julie","07 61 19 60 36","eugene63@gautier.net","0"
"11686","612","henri.leleu6267","[""ROLE_USER""]","=|j`z3yZg==","Riou","Alix","+33 (0)1 35 11 ","gcollin@tiscali.fr","0"
"11687","611","fguerin3695","[""ROLE_USER""]","I4%?HX#y","Pottier","Christophe","+33 (0)8 92 60 ","nroussel@charpentier.org","0"
"11688","615","chantal.guibert9334","[""ROLE_USER""]","yE;\BM)ah'TnlMD5f","Brunel","Gabriel","0326625685","aimee.bousquet@giraud.fr","0"
"11689","614","lemaire.william5526","[""ROLE_USER""]","cSJB|F~+RF","Delmas","Émile","0824879331","rey.adrien@yahoo.fr","0"
"11690","611","emmanuel217539","[""ROLE_USER""]","w:G-=]bBS~+;3tjCc","Boutin","Honoré","06 90 39 20 20","robert36@alexandre.fr","0"
"11691","614","matthieu.peron7586","[""ROLE_USER""]","pzQw3c|dNOZ^}(S>qB^o","Blanc","Maggie","0756092598","jean.edith@bertin.com","0"
"11692","611","cgilbert3056","[""ROLE_USER""]",">gd>Ov5ZS","Leconte","Henri","+33 3 61 42 07 ","guillaume04@yahoo.fr","0"
"11693","611","herve.aimee8215","[""ROLE_USER""]",",9@B&q5bz>J$","Marques","Audrey","0335988538","ctanguy@jacob.com","0"
"11694","618","william.durand3382","[""ROLE_USER""]","2yVU&t[I+i66=wakx","Leblanc","Anouk","05 12 46 64 61","audrey07@tele2.fr","0"
"11695","611","suzanne.cordier3132","[""ROLE_USER""]",")JOEaMbMb{saiCHoo!","Lefebvre","Élisabeth","04 58 76 18 87","marine.guillon@live.com","0"
"11696","618","marcel.lagarde1324","[""ROLE_USER""]","+1eKc7$^n5ZXs#9y","Moreau","Dominique","+33 9 53 41 83 ","hortense90@diaz.fr","0"
"11697","612","thomas.gauthier8488","[""ROLE_USER""]","~4LPP4F2zc)68</e","Jourdan","Pauline","0599370882","patricia.renault@labbe.com","0"
"11698","614","josephine.bouvet4929","[""ROLE_USER""]","5L,ENA.5G&}:+!+TB'$","Torres","Thibaut","+33 (0)5 20 05 ","eric.goncalves@yahoo.fr","0"
"11699","611","emilie003333","[""ROLE_USER""]","><]xj?IW%eA?KB5~D","Brun","Philippe","+33 (0)3 35 94 ","prey@cohen.fr","0"
"11700","618","gimenez.claire1651","[""ROLE_USER""]","##B?*!K6s$fvS^","Pascal","Dominique","+33 (0)3 81 54 ","juliette73@rodriguez.fr","0"
"11701","616","leger.richard6792","[""ROLE_USER""]","aKZ*Hw","Didier","Eugène","+33 7 54 49 67 ","marthe.mahe@gmail.com","0"
"11702","618","marcelle718786","[""ROLE_USER""]","n~UYR3naP+Mhf?)","De Oliveira","Sophie","+33 (0)5 82 29 ","rgros@bouygtel.fr","0"
"11703","617","victor358935","[""ROLE_USER""]","=P9$h0w{T)/*L-]YTzx","Perrier","François","06 85 42 21 26","veronique79@chauvin.com","0"
"11704","618","victoire.lelievre9039","[""ROLE_USER""]","j{bjWFb#]z,!]_/Mx4_","Lagarde","Thibault","0628111752","nicolas23@hotmail.fr","0"
"11705","612","renee203988","[""ROLE_USER""]",">E]s+*L?=)eBhs=H/R@","David","Victor","0444229150","martine35@tele2.fr","0"
"11706","620","etienne015135","[""ROLE_USER""]","7b7Vr2+@W;","Joly","Agathe","+33 3 70 86 44 ","aime.laporte@carlier.com","0"
"11707","619","pdubois9519","[""ROLE_USER""]","Fz3KTo<pyjps3.R&2","Barbier","Alexandria","+33 2 34 98 19 ","benoit86@voila.fr","0"
"11708","616","roland.dossantos6466","[""ROLE_USER""]","Z{x""LyG*tL<dF+Rxe","Godard","Eugène","+33 1 46 76 51 ","gaubert@live.com","0"
"11709","615","bernard.cohen8744","[""ROLE_USER""]","r]L1qUVPa626rDp","Delorme","Luce","09 70 34 52 15","denis.normand@voila.fr","0"
"11710","619","roger074869","[""ROLE_USER""]","-5TL^L?`s>N","Teixeira","Mathilde","0785308799","bernadette.royer@hamon.org","0"
"11711","615","bpaul9945","[""ROLE_USER""]","S*LL)L}pP@dw}9vOY""","Rousset","Claude","+33 (0)3 23 48 ","margaret73@rolland.com","0"
"11712","617","thierry.berthelot8553","[""ROLE_USER""]","64vL~K2FW}m$.xv7{sJ","Rolland","Alexandrie","0448551275","tberthelot@bouygtel.fr","0"
"11713","615","pcosta4997","[""ROLE_USER""]","_`E}Lb","Bertin","Hélène","+33 (0)1 80 09 ","zverdier@gros.fr","0"
"11714","614","claire857509","[""ROLE_USER""]","S5H.}l]>","Adam","Geneviève","+33 1 70 72 56 ","coulon.alix@duhamel.org","0"
"11715","613","claudine.rousseau7826","[""ROLE_USER""]","I9}L3xZzf","Evrard","Danielle","03 83 40 55 00","bruiz@wanadoo.fr","0"
"11716","616","isabelle.duhamel5933","[""ROLE_USER""]","jxenlsjJ","Fabre","Colette","0326787511","lemonnier.noel@dubois.org","0"
"11717","614","lemaire.matthieu2914","[""ROLE_USER""]","FF}W}~_maiCy+?rzD@","Allain","Nathalie","+33 (0)3 47 29 ","gomez.gilles@guyot.com","0"
"11718","611","ltanguy3025","[""ROLE_USER""]","{%ttH`tpj^6flMroe0\","Weiss","Louis","+33 (0)4 05 34 ","jlambert@tiscali.fr","0"
"11719","614","cbourdon7581","[""ROLE_USER""]","5I@645","Henry","Françoise","0897034949","dominique.monnier@bonnet.com","0"
"11720","620","dufour.laetitia1226","[""ROLE_USER""]","voe;ZL|GN:;o","Picard","Catherine","+33 3 43 56 21 ","zlacombe@voila.fr","0"
"11721","619","renault.amelie40","[""ROLE_USER""]","ak}MK^V+)mi|S#?","Foucher","Mathilde","0816812252","simone26@voila.fr","0"
"11722","617","vfrancois7529","[""ROLE_USER""]","Vg'{LEn#'I!Zi|Ui","Martins","Vincent","0745248098","gonzalez.emilie@dbmail.com","0"
"11723","619","jules313266","[""ROLE_USER""]","I#W.Z6;/-","Le Goff","Thibaut","+33 (0)9 96 17 ","theophile01@gmail.com","0"
"11724","613","verdier.emmanuel3630","[""ROLE_USER""]","QjBAoBhfMN^","Deschamps","Joseph","+33 8 97 53 37 ","yregnier@free.fr","0"
"11725","615","philippine294941","[""ROLE_USER""]","4A{p7)g/Ly,RCfa","Moreno","Théodore","+33 (0)5 56 30 ","marin.nathalie@nicolas.fr","0"
"11726","617","gerard382926","[""ROLE_USER""]","?wxi\6)","Meunier","Victoire","08 95 10 59 93","eugene.durand@dupre.fr","0"
"11727","618","cbourdon1217","[""ROLE_USER""]","pGqzh5","Buisson","Alix","0121066825","lucie.julien@orange.fr","0"
"11728","612","eberger4825","[""ROLE_USER""]","3HS4E,+Z3'QqU_3f{","Jacob","Jérôme","+33 (0)5 30 21 ","vrocher@leleu.net","1"
"11729","615","npons8159","[""ROLE_USER""]","9,i>mZ2w/}","Valentin","Maryse","07 45 42 53 55","louise89@pereira.com","0"
"11730","618","wbaudry3328","[""ROLE_USER""]","7BB$S2Hp@l8=MI,2eQEh","Lecoq","Thérèse","06 80 70 16 35","dominique.lebreton@gallet.org","0"
"11731","611","onavarro2356","[""ROLE_USER""]","FUt5q~!lkX3T","Alves","Anastasie","07 33 81 01 50","icoste@gmail.com","0"
"11732","620","daniel.michel7029","[""ROLE_USER""]","&W|kCGnl\Dny8k0n","Barthelemy","Marcelle","0445132019","wjacob@wanadoo.fr","0"
"11733","616","jeanne.fischer9647","[""ROLE_USER""]",",M;v)x~$p;K'A~;9U_2","Maillet","Valentine","0272554023","leclercq.christine@bousquet.co","1"
"11734","617","zacharie.gregoire9352","[""ROLE_USER""]","wMOc`qy-4x","Marechal","Arnaude","+33 (0)6 30 94 ","etienne40@laporte.com","0"
"11735","620","rousseau.adele6376","[""ROLE_USER""]","wCe9p7UVV2DG","Masson","Michelle","+33 (0)1 81 76 ","martin.marianne@ifrance.com","0"
"11736","620","marianne213790","[""ROLE_USER""]","$zBqDe-2J!HS3C\q{`y","Lemonnier","Colette","+33 (0)2 49 99 ","valentine73@lesage.com","0"
"11737","612","dmarie3009","[""ROLE_USER""]","^/GC%!u6?`a","Martineau","Alex","0638146686","mace.noel@tiscali.fr","0"
"11738","619","michelle673344","[""ROLE_USER""]",";Aw4jL|I!!,~HA9c:P","Pages","Louis","0173156266","besnard.gilbert@hotmail.fr","0"
"11739","618","thomas.stephanie590","[""ROLE_USER""]","7qClmN","Fernandez","Grégoire","+33 9 97 47 49 ","availlant@orange.fr","0"
"11740","616","ulaporte5665","[""ROLE_USER""]","Ui}=7ZOZ","Lejeune","Patrick","01 95 29 83 74","sophie59@wanadoo.fr","0"
"11741","612","daniel027866","[""ROLE_USER""]","_|y]cYi`:Wc2^1&i5Xz","Maillot","Virginie","0933201304","lemaitre.stephane@mercier.com","0"
"11742","617","cblot844","[""ROLE_USER""]","bKA8Vg@Sal","Boutin","Catherine","+33 (0)2 61 19 ","yves28@yahoo.fr","0"
"11743","620","yblot1987","[""ROLE_USER""]","yEjrgyC08_e(B}*a+F|T","Seguin","Odette","+33 1 83 99 31 ","william12@gilles.fr","0"
"11744","617","qverdier1454","[""ROLE_USER""]","8%~py%3b05{Odwi}k~","Techer","Odette","0279399853","odette.leger@humbert.com","0"
"11745","614","nguyen.penelope7715","[""ROLE_USER""]","`|dGiD","Normand","Yves","0526319837","weber.marcel@rousseau.fr","0"
"11746","620","valentine.andre1495","[""ROLE_USER""]","r,npn0k.l|klq","Fischer","Isaac","02 67 95 17 72","timothee43@voila.fr","0"
"11747","615","meunier.oceane7636","[""ROLE_USER""]","nrHLiYmeuc5~[","Roy","Marc","01 42 70 61 72","veronique.guillon@live.com","0"
"11748","620","robert.moreau1985","[""ROLE_USER""]","FPE/g=Y?dF^g`^j8","Gauthier","Diane","+33 (0)2 96 35 ","caroline.duhamel@dossantos.com","0"
"11749","620","henri375985","[""ROLE_USER""]","vsYED@F","Lacombe","Marguerite","0680227829","thierry16@royer.com","0"
"11750","616","antoine.dumont7530","[""ROLE_USER""]","~0)Ad.r","Jacquot","Grégoire","0148841830","gtorres@gmail.com","0"
"11751","619","marcelle79651","[""ROLE_USER""]","*Fu2p8lV""(rAC'3","Vincent","Hortense","+33 (0)1 39 33 ","gregoire.marthe@sfr.fr","0"
"11752","611","leclerc.claude9539","[""ROLE_USER""]","weGHK&","Germain","Anne","0196861791","udurand@free.fr","0"
"11753","611","matthieu401539","[""ROLE_USER""]","bQ|tJngz8OJ/zJ*Ip","Coulon","Christiane","09 00 99 61 30","michelle97@yahoo.fr","0"
"11754","617","ines62164","[""ROLE_USER""]","]w{t!jPN}YT#EAi%a%m","Grenier","Dorothée","01 33 22 49 74","petitjean.francoise@wanadoo.fr","0"
"11755","619","alemoine9393","[""ROLE_USER""]","[`*M*Ia'Q","Barbier","Jules","0418575367","dominique70@orange.fr","0"
"11756","614","alain.schmitt6252","[""ROLE_USER""]","(I5g'l~<m","Guyot","Robert","+33 3 60 47 17 ","amarie@bouygtel.fr","0"
"11757","618","kbodin4255","[""ROLE_USER""]","|t%VolXY-].Y\|p[T","Renard","Yves","+33 (0)4 98 09 ","stephane.barbier@wanadoo.fr","0"
"11758","614","robert.marine3512","[""ROLE_USER""]","G4G]Xu,4,p%!uO","Pottier","Thomas","+33 (0)2 75 37 ","william.mallet@wanadoo.fr","1"
"11759","620","pichon.catherine6909","[""ROLE_USER""]","~1M_'s]WiTA[k","Martinez","Isabelle","+33 (0)7 63 10 ","sebastien.faure@pascal.fr","0"
"11760","616","chauvet.noemi2996","[""ROLE_USER""]","z4J$T7m^%~a%:","Parent","Céline","03 26 97 31 41","fgirard@club-internet.fr","0"
"11761","620","noel.martin6872","[""ROLE_USER""]","m17S-\a^?E&BV(g3?L)","Thibault","Marc","+33 2 32 49 16 ","vincent.fernandez@tiscali.fr","0"
"11762","614","adelaide318156","[""ROLE_USER""]","U*vRnu.t)mYm7*}u'U2","Dijoux","Julien","+33 (0)9 84 31 ","rousseau.adelaide@alves.com","0"
"11763","616","pmerle8414","[""ROLE_USER""]","""qkd5gZK>&mE+U!t5","Masse","Nathalie","07 36 41 23 76","bertrand.petit@yahoo.fr","0"
"11764","618","kchretien7855","[""ROLE_USER""]","jAI:""e$@'k&$x:V+|dZ""","Fischer","Michel","0192711845","tcollet@club-internet.fr","0"
"11765","615","constance.lefebvre4450","[""ROLE_USER""]","4mtJ;UH7","Evrard","Alex","+33 (0)8 93 95 ","martin31@teixeira.com","0"
"11766","614","cdubois6691","[""ROLE_USER""]","a$DaXQr@e*yM:*(f]a","Leconte","Édouard","07 78 40 46 01","celina96@club-internet.fr","0"
"11767","619","michele004586","[""ROLE_USER""]","ljz-nVO$U..q?KZI","Poirier","Charles","+33 (0)5 41 32 ","georges.timothee@fernandes.net","1"
"11768","618","ochauvin5795","[""ROLE_USER""]","<Or+.Q7[1O8>{","Fernandez","Georges","02 04 77 51 48","ilegros@maillot.fr","0"
"11769","620","lboutin8557","[""ROLE_USER""]","cK6,/:c=A&Sp%6(0","Rousseau","Daniel","0466085328","dbourdon@charles.org","0"
"11770","615","marcel764585","[""ROLE_USER""]","%=d{-#pn$}M*HW.","Bernier","Théophile","+33 1 86 04 56 ","pages.noel@gallet.fr","0"
"11771","614","voisin.sabine9289","[""ROLE_USER""]","uv4GW"":_=","Simon","Maurice","+33 9 80 49 32 ","grenault@vallet.org","0"
"11772","615","claude.legall511","[""ROLE_USER""]","Q}8hd1[>wbe@fC|","Charpentier","William","04 48 55 44 83","joseph96@aubert.com","0"
"11773","618","zoe.cordier4134","[""ROLE_USER""]","O8""d;\vDG@}","Vasseur","Aimé","08 91 29 38 04","wjean@camus.com","0"
"11774","620","ymendes5713","[""ROLE_USER""]","|f1(8L_g""WV~ux","Faure","Frédéric","+33 1 65 42 41 ","adam.odette@tele2.fr","0"
"11775","613","margot.masson4624","[""ROLE_USER""]","V;#n}>Ego$u'F$BCj","Lamy","Gilles","0141652199","schneider.dominique@dbmail.com","0"
"11776","617","noel.arthur5519","[""ROLE_USER""]","lS-3uZ(l[x\RY&@WR|","Duval","Stéphane","0695486275","gerard27@bouygtel.fr","0"
"11777","612","thomas218134","[""ROLE_USER""]","|`9N9Q^u3>3`=)pt","Jacquet","Martine","+33 9 12 33 98 ","bfischer@laposte.net","0"
"11778","614","hortense.cousin4556","[""ROLE_USER""]","c5!4xg4*(e.HE]{i5""xp","Adam","Thibaut","+33 (0)6 76 01 ","tristan.regnier@free.fr","0"
"11779","620","emile182270","[""ROLE_USER""]","}?)""]CyC'MXH%Rxe","Nicolas","Aurélie","+33 (0)3 75 08 ","egros@rousseau.com","0"
"11780","620","tmillet2415","[""ROLE_USER""]","PKV(`O*XcZKLh*rpwP:","Gay","Bernadette","+33 (0)6 04 61 ","antoine58@martel.net","0"
"11781","614","marianne802486","[""ROLE_USER""]","8wPtGkXBRf9BzA<*","Carre","Nathalie","+33 4 26 96 23 ","rdescamps@ifrance.com","0"
"11782","612","marc311167","[""ROLE_USER""]","t+8M+h","Blanchet","Sabine","+33 6 38 75 22 ","louis61@francois.fr","0"
"11783","612","masse.adelaide9259","[""ROLE_USER""]","T!`=|}I%E3]UAXt*R9f","Dupre","Pénélope","0147065022","klein.claire@charpentier.com","0"
"11784","612","gauthier.benoit4765","[""ROLE_USER""]","RHC_oXwYf;f+t","Normand","Dorothée","07 71 57 24 18","remy.dupuis@dbmail.com","1"
"11785","611","suzanne.ollivier353","[""ROLE_USER""]","#3TR}Z2K`4|S<{0","Giraud","David","04 19 95 44 60","sabine.traore@lebreton.net","0"
"11786","616","franck.faure7137","[""ROLE_USER""]",")&ndQI8kwDxIg1/c|","Blanchet","Alfred","09 45 45 92 30","obriand@texier.com","0"
"11787","614","eric.benoit4323","[""ROLE_USER""]","m9]q0F2bh`jlE(7sf","Mace","Guy","+33 1 15 36 48 ","laurent.richard@wanadoo.fr","0"
"11788","619","stephane271142","[""ROLE_USER""]","-*0^5G;vQeIchOT=","Toussaint","Josette","+33 (0)5 75 37 ","marc.chauveau@noos.fr","0"
"11789","611","aurelie071266","[""ROLE_USER""]","\U#}-5{R|=u$`","Jacquot","Astrid","+33 (0)1 52 26 ","nicolas61@bouygtel.fr","0"
"11790","613","glucas5609","[""ROLE_USER""]","p.1GG=|$@","Gilbert","André","0118410566","lefort.nicolas@meunier.com","0"
"11791","618","xbarthelemy7497","[""ROLE_USER""]","YFuJNV$WuJOpdc","Camus","Raymond","07 75 81 53 38","jfontaine@marchand.com","0"
"11792","617","margaux.auger5545","[""ROLE_USER""]","/]y$F7kXm`+KF^u)#+S","Le Goff","Raymond","0669245280","slaine@hotmail.fr","0"
"11793","617","elodie.roussel5417","[""ROLE_USER""]","8iM?Rm:wxc@VG3e{","Riviere","Élise","+33 (0)3 22 02 ","martin79@bouygtel.fr","0"
"11794","614","therese614329","[""ROLE_USER""]","l!@mrkd*c<qKi|7","Lebon","Julien","0341139388","joseph.vincent@leclerc.fr","0"
"11795","615","garnier.gabriel1430","[""ROLE_USER""]","=ayQm_GzpU=J6~","Martin","Charles","+33 (0)7 72 08 ","wleroux@hotmail.fr","1"
"11796","618","pperrot895","[""ROLE_USER""]","01]@?l#l_2:","Guillot","Nathalie","09 62 31 71 61","brun.alix@chretien.fr","0"
"11797","619","collet.chantal9588","[""ROLE_USER""]","I^2d}7BL>","Simon","Éric","+33 (0)6 79 23 ","poirier.benoit@roux.org","0"
"11798","613","petitjean.nath4541","[""ROLE_USER""]","G27{)9Z","Riou","Jean","+33 (0)1 13 57 ","alain.texier@live.com","0"
"11799","617","vmace536","[""ROLE_USER""]","]%T!\'}]((z|Kv*","Jean","Margot","+33 (0)1 96 06 ","pineau.margaud@peron.net","0"
"11800","612","pierre.becker2995","[""ROLE_USER""]","B\gN3gPle],8p","Nguyen","Emmanuelle","01 13 52 75 52","sebastien61@voila.fr","0"
"11801","616","nicolas.susan3806","[""ROLE_USER""]","\-yi}_LA'/H","Bertrand","Jules","09 45 17 09 97","louis.morvan@bouygtel.fr","0"
"11802","613","boulay.constance380","[""ROLE_USER""]",">B}:.ycKvFJJ:9B","Leclerc","Hugues","0623898756","sophie54@dacosta.fr","0"
"11803","617","lorraine271422","[""ROLE_USER""]","bYza(ZnUz","Maillard","Michèle","07 61 37 08 49","gilles.masson@free.fr","0"
"11804","613","julien.roche9168","[""ROLE_USER""]","?\8MIEcnp","Merle","Laurence","0124502247","chauveau.remy@wanadoo.fr","0"
"11805","620","laine.arnaude7929","[""ROLE_USER""]","bP]cA~eZWZ","Bourdon","Claude","+33 (0)2 59 87 ","agathe08@deschamps.fr","0"
"11806","617","bperrot8192","[""ROLE_USER""]","QCafaj","Blanchet","Roger","06 07 45 19 28","lemaitre.dominique@marchal.org","0"
"11807","613","william.meunier7784","[""ROLE_USER""]","#s%h}IeYp\r;^$GGK","Rousseau","Pénélope","01 21 70 81 37","christelle63@orange.fr","0"
"11808","616","llejeune1530","[""ROLE_USER""]","1U!yasd>kw{'azE,;+M8","Paris","Élodie","02 66 63 26 89","dmeyer@sfr.fr","0"
"11809","615","lambert.jerome4591","[""ROLE_USER""]","S-}_h\Vt/zEZd`,PO","Auger","Emmanuel","01 69 24 20 61","marechal.laure@robin.fr","1"
"11810","612","vgregoire1897","[""ROLE_USER""]","B<>tzey.s<iFJ?1d","Durand","Hortense","0221729587","ralves@boulanger.fr","0"
"11811","611","khuet9898","[""ROLE_USER""]","vBlta&THs#IG","Leduc","Raymond","0195847104","celine40@evrard.fr","0"
"11812","620","lopes.vincent4063","[""ROLE_USER""]","y_Y&Ku","Aubry","Camille","+33 1 55 61 01 ","opages@yahoo.fr","0"
"11813","616","louis694433","[""ROLE_USER""]","|`L]r,7C>6Dn:n*47","Auger","Lucy","03 85 45 65 03","moreno.stephane@orange.fr","1"
"11814","612","jean.mary4014","[""ROLE_USER""]","yAZ3(p^iANI[_f;.3ct","Evrard","Lucy","+33 (0)7 57 87 ","gerard.joseph@delahaye.org","0"
"11815","614","eleonore.ferrand5822","[""ROLE_USER""]","*C|LfP09$iYw@/.X","Renard","Étienne","0779738597","marcelle.gerard@leclercq.fr","0"
"11816","617","moreno.stephanie3293","[""ROLE_USER""]","M]/5xaAihX=KO'","Brunet","Rémy","+33 (0)3 88 81 ","boyer.arthur@poulain.com","0"
"11817","617","noel.dasilva4507","[""ROLE_USER""]","emlI)Wp)LO+!o&B","Lacroix","Matthieu","05 01 04 40 46","michaud.lucie@sfr.fr","0"
"11818","616","mary.danielle4801","[""ROLE_USER""]","Q~|lVLFO{{:)wi8r=","Lombard","Margaud","04 02 96 13 87","zacharie.giraud@monnier.com","0"
"11819","614","julie.cohen6300","[""ROLE_USER""]","8IF'Pi0Op_9vMn(","Jacob","Gilles","0412949197","camille28@tele2.fr","0"
"11820","616","mahe.denis9817","[""ROLE_USER""]","-mv=ywZy","Da Silva","Jacques","0194787066","odelmas@noos.fr","0"
"11821","616","louis.bertrand3843","[""ROLE_USER""]","3~T8o(LEh?qR$CoGV/D","Rey","Émilie","+33 (0)7 43 29 ","honore36@perez.com","0"
"11822","614","stephanie.valentin407","[""ROLE_USER""]","^^NFVc-9%6qKfp$","Lopez","Julien","+33 (0)6 44 39 ","ulemaitre@live.com","0"
"11823","613","arnaud.timothee6431","[""ROLE_USER""]","$hn7GkWO","Chevalier","Paul","0139743055","marcel.charrier@samson.com","0"
"11824","620","pmace9720","[""ROLE_USER""]","0li3x(fN7U(C%t2x","Marin","Gilles","01 79 93 91 27","denis.emile@guibert.com","1"
"11825","612","lorraine647490","[""ROLE_USER""]","q\cVD;%4<t3g_870#g","Perrin","Michelle","+33 3 38 17 68 ","fgaillard@nicolas.org","0"
"11826","612","levy.marc4648","[""ROLE_USER""]","r@Wj~r0R*+Rg=@29n-","Loiseau","Laetitia","02 90 91 37 61","yves.francois@barbier.com","0"
"11827","618","verdier.henri1837","[""ROLE_USER""]","vKhSybOTrZ","Chauvet","Philippe","0553611116","adeoliveira@sfr.fr","0"
"11828","618","francois681262","[""ROLE_USER""]","^Q]kf\V3Qtqp","Pierre","Sabine","0150962035","renaud.marcelle@noos.fr","0"
"11829","614","benjamin775689","[""ROLE_USER""]",">nN;cQ","Fernandes","Emmanuel","06 21 03 63 62","hbouvier@mathieu.org","0"
"11830","611","jacqueline078721","[""ROLE_USER""]","7a}=r9yC{e~,=.6","Gaudin","Eugène","+33 (0)5 51 02 ","celina.samson@orange.fr","0"
"11831","615","penelope756647","[""ROLE_USER""]","k@?wJWC>t>S","Barre","Caroline","01 87 84 57 93","adelaide.maury@free.fr","0"
"11832","611","jdufour9295","[""ROLE_USER""]","le9w.48TJ7aTc","Pichon","Alain","+33 (0)3 76 57 ","henriette63@jourdan.fr","0"
"11833","612","glegendre9637","[""ROLE_USER""]","FA.jk0.|Y&>Ljew?","Barbier","Robert","+33 (0)4 58 75 ","kpicard@chretien.com","0"
"11834","613","andree.vaillant7230","[""ROLE_USER""]","mj!&tA_AhL6$FQd?lP","Giraud","Hugues","0143893759","theodore98@maillot.com","0"
"11835","613","laine.roger4593","[""ROLE_USER""]","aFT@5jC[","Coulon","Patrick","0580048012","huet.luc@ifrance.com","0"
"11836","611","theophile.brunet7482","[""ROLE_USER""]",":^O?n?s'2\e2i{cf[","Didier","Valentine","+33 (0)3 83 48 ","diallo.elise@club-internet.fr","0"
"11837","612","sollivier7627","[""ROLE_USER""]","DD%3E""mek%vijSC","Riou","Hugues","+33 (0)9 05 22 ","cecile.rousseau@laposte.net","0"
"11838","619","mathilde.roussel1971","[""ROLE_USER""]","*)pE""RSFvuCY{A_%[\","Dumont","Noémi","0366153985","ynguyen@hotmail.fr","0"
"11839","619","isaac245663","[""ROLE_USER""]","59#XSvS)EgQdlB&","Bigot","Philippe","04 00 87 95 59","payet.maurice@briand.net","0"
"11840","615","charlotte032511","[""ROLE_USER""]","Hy`bCpNm6q","Dupuy","Thibault","0892891341","hernandez.margot@baudry.org","1"
"11841","617","briand.valerie4040","[""ROLE_USER""]","a;r2/S3ty}BH","Caron","Patrick","01 35 68 91 33","francois.remy@free.fr","0"
"11842","615","tbrunel78","[""ROLE_USER""]",",&VexW&)Ziw6ym&cB$","Descamps","René","+33 1 26 03 07 ","philippe50@lopez.net","0"
"11843","615","martine.laroche5589","[""ROLE_USER""]","5];*%8'mfN&[N@l^=`/","Vaillant","Élisabeth","05 65 64 95 06","mgilles@louis.com","1"
"11844","612","teixeira.matthieu9849","[""ROLE_USER""]","FqT1>xbE","Gosselin","Éric","09 62 46 47 37","marianne65@guerin.fr","0"
"11845","616","egonzalez6792","[""ROLE_USER""]","h3k:1O!r]c1\7Mo","Fabre","Sylvie","06 14 43 54 35","therese08@raymond.org","0"
"11846","613","celina.noel4596","[""ROLE_USER""]","+c:QV4-4G","Chartier","Guy","06 26 65 94 42","daniel.vallet@perrot.com","0"
"11847","617","rpotier8205","[""ROLE_USER""]",",FI_3erhTF?","Da Costa","Maurice","0993192371","theophile.faivre@maurice.com","0"
"11848","616","agathe.bouvet9040","[""ROLE_USER""]","B:KPmw/i43#v","Vincent","Léon","08 95 94 80 51","capucine26@bousquet.fr","0"
"11849","615","ucamus5809","[""ROLE_USER""]","QB)h9v$z","Bazin","Joseph","+33 (0)7 85 66 ","nicolas.marc@reynaud.fr","0"
"11850","616","eblot8794","[""ROLE_USER""]","GrP&C#M#^w","Seguin","Sébastien","+33 (0)1 06 52 ","munoz.joseph@tiscali.fr","0"
"11851","616","rbourgeois9037","[""ROLE_USER""]","@t|:vTm`WaEF0T076/1","Petit","Olivie","0176066879","celine.blin@club-internet.fr","0"
"11852","619","aduval5562","[""ROLE_USER""]","<*o`_Pwzh","Hoarau","Louis","+33 5 59 45 87 ","legros.cecile@bouygtel.fr","0"
"11853","611","renard.pierre9588","[""ROLE_USER""]","Nt5${uh""hBTXl{eFcrG","Julien","Édouard","01 76 82 17 38","jacques.bonnin@durand.com","0"
"11854","620","catherine997639","[""ROLE_USER""]","M3\G6sqt\/v}","Costa","Alexandre","+33 (0)4 17 25 ","godard.marianne@tiscali.fr","0"
"11855","617","leroux.vincent1434","[""ROLE_USER""]","XJ.Z9]PIQeq*z]#.~d","Albert","Raymond","+33 (0)6 42 46 ","celina.huet@laroche.com","0"
"11856","612","uloiseau2122","[""ROLE_USER""]","\#GSKvtqQ@hW*","Letellier","Pierre","+33 5 72 80 75 ","paulette92@charles.fr","0"
"11857","611","sbouchet8172","[""ROLE_USER""]","j_~zD|Y*Ij:#.Y","Gilles","Margot","+33 8 28 36 34 ","matthieu81@sfr.fr","0"
"11858","617","susan.dubois140","[""ROLE_USER""]",":oN%R?Da_0^-I.2a<^E&","Legendre","Olivier","0132243663","charles.colette@bonneau.fr","0"
"11859","620","bgonzalez5191","[""ROLE_USER""]","l#M~ml#61B","Paul","Jean","01 45 85 09 20","leon57@leroy.com","0"
"11860","619","boucher.louis7394","[""ROLE_USER""]","W8,O0Q_|M{","Martinez","Grégoire","+33 5 08 76 56 ","luce68@wanadoo.fr","0"
"11861","619","gerard.garcia8680","[""ROLE_USER""]","zj&MD/xt_1R6E`-aC&","Julien","Pauline","0822404151","fgonzalez@orange.fr","0"
"11862","611","louis.paulette5591","[""ROLE_USER""]","$HvQ!Ru,SE_g~M.","Pascal","Stéphane","+33 (0)9 63 77 ","jmaillet@rodrigues.fr","0"
"11863","614","thomas654991","[""ROLE_USER""]","+!h2'gN$i""yQ.","Martineau","Julien","+33 (0)8 98 15 ","guy91@joly.fr","0"
"11864","620","jacqueline731941","[""ROLE_USER""]","URBZWL)","Lucas","Françoise","+33 (0)6 40 71 ","frederic04@begue.org","0"
"11865","612","eperrot2009","[""ROLE_USER""]","0a0NA%","Gonzalez","Nathalie","+33 (0)8 11 06 ","mathilde45@ifrance.com","0"
"11866","611","patrick442598","[""ROLE_USER""]","qK&mk1kN?\{ft","Delmas","Théophile","09 59 39 22 94","fcouturier@lecoq.org","0"
"11867","614","anouk.meyer5371","[""ROLE_USER""]","vHdVBC0U-PVU1a{_@6|","Guyon","Julien","06 26 58 88 18","dlegros@allain.org","0"
"11868","616","mmarchal219","[""ROLE_USER""]","p&j1]4A]NihjI","Philippe","Alice","+33 (0)2 22 79 ","marine02@laposte.net","0"
"11869","620","astrid864397","[""ROLE_USER""]","""k>0axc","Jean","Pénélope","0295572448","denise.lopes@dbmail.com","0"
"11870","617","tanguy.jeannine998","[""ROLE_USER""]","o`Nu.]8Y;","Riou","Gilbert","0898827841","celine79@gaillard.fr","0"
"11871","620","jules555625","[""ROLE_USER""]","c+LeT^","Pereira","Isabelle","0163673002","rcollin@rodriguez.net","0"
"11872","617","letellier.aimee7117","[""ROLE_USER""]","&sj8-7","Durand","Virginie","+33 2 04 03 81 ","maurice43@tele2.fr","0"
"11873","619","jlacroix8035","[""ROLE_USER""]","w9z9Cx/","Lemonnier","Philippe","+33 (0)1 66 05 ","wpottier@voila.fr","0"
"11874","620","fbesnard863","[""ROLE_USER""]","^%R]^f}6%R=J5hhI^k^","Jacob","Marianne","01 91 40 80 71","uleroy@tele2.fr","0"
"11875","614","leroy.theodore4640","[""ROLE_USER""]","]IE.PYBIDyNLSX}nr","Gros","Noël","+33 1 29 52 30 ","nblondel@goncalves.com","0"
"11876","614","xavier.benoit5800","[""ROLE_USER""]","=U-(A=sw.""/B-7CgZb;?","Gregoire","Thibaut","0134302305","yves.rolland@tiscali.fr","0"
"11877","614","faivre.philippe1850","[""ROLE_USER""]",":;_+|)u,h","Lefebvre","Colette","+33 (0)5 80 50 ","ppages@orange.fr","0"
"11878","620","dchauvet7673","[""ROLE_USER""]","<Hd4'~","Morin","Adrien","0951345997","dfaure@ifrance.com","0"
"11879","620","acharles1674","[""ROLE_USER""]","H.'bCT.u(]-ME","Ledoux","Alexandrie","+33 8 95 93 37 ","kriviere@yahoo.fr","0"
"11880","616","charlotte.garcia919","[""ROLE_USER""]","v^~{{7bbl.?BC%ei","Boulanger","Patrick","0539911911","tessier.michelle@benoit.fr","0"
"11881","614","anastasie376582","[""ROLE_USER""]","%LqwDVB>""0","Chevalier","Valentine","0690774970","charles.bouchet@raymond.com","0"
"11882","618","charles475179","[""ROLE_USER""]","sT/Wz.","Carlier","Juliette","0824598696","tessier.aimee@noos.fr","0"
"11883","617","bmarin6211","[""ROLE_USER""]","E4O3chLS8-\X,-#9$GSU","Denis","Frédéric","0183376489","alexandre.maillot@orange.fr","0"
"11884","620","danielle.leconte8669","[""ROLE_USER""]","q#XOMH","Vincent","Michelle","01 14 89 39 50","ocosta@cohen.fr","0"
"11885","615","nath789880","[""ROLE_USER""]","<BKCZZQ=fl}@""","Vaillant","Anastasie","02 95 64 84 15","mercier.jerome@noos.fr","0"
"11886","616","christelle.tessier9096","[""ROLE_USER""]","?Lfsyjh@","Diaz","Stéphane","+33 (0)8 93 62 ","jacqueline.diallo@dupre.com","0"
"11887","611","thomas.william97","[""ROLE_USER""]",";^Z[ZWc1B","Alexandre","Joseph","0337561427","jacques.lebrun@arnaud.fr","0"
"11888","614","henriette665469","[""ROLE_USER""]","(Pl;hm","Chauvet","Édouard","0125096458","ribeiro.caroline@wanadoo.fr","0"
"11889","612","alphonse.baron7139","[""ROLE_USER""]","k4$y`$OP*","Pons","Éric","+33 (0)9 46 41 ","victor66@tele2.fr","0"
"11890","617","eugene444743","[""ROLE_USER""]","BH!LC?'SA1V]2&Js)gd","Pereira","Suzanne","+33 (0)6 65 68 ","dperrin@adam.fr","0"
"11891","611","isauvage5724","[""ROLE_USER""]","%:griY[M2AJ#h-","Jacquot","Susanne","09 56 31 79 12","samson.gerard@bertrand.com","0"
"11892","620","roland.pruvost9664","[""ROLE_USER""]","kL~1""hq8q0i7<B~f)f","Baron","Nicolas","0544310831","emmanuel.blot@letellier.com","0"
"11893","619","alix.pires3159","[""ROLE_USER""]","X2Ve*-.8-`f","Lopes","Roger","04 02 87 01 50","lombard.eleonore@legoff.fr","0"
"11894","620","gerard982557","[""ROLE_USER""]","%e%2L3n<+","Legendre","Jacques","0823255553","joubert.celine@noos.fr","0"
"11895","619","adrien307783","[""ROLE_USER""]","'EN!w-","Hernandez","Alphonse","+33 (0)1 16 68 ","louise56@gmail.com","0"
"11896","618","henri098335","[""ROLE_USER""]","*pNuTo7~BrAw","Bailly","Danielle","+33 (0)2 20 15 ","vbegue@dijoux.org","0"
"11897","613","meunier.celina6520","[""ROLE_USER""]","`\4HQ1p","Guyon","Émile","0434264987","csalmon@lefevre.org","0"
"11898","614","udelahaye2073","[""ROLE_USER""]",".rs?2W97H/:pk'96JPl7","Loiseau","Thibaut","0914628924","zmoreau@orange.fr","0"
"11899","618","igoncalves311","[""ROLE_USER""]","KgZ5?g`f?4AQt3lz4p&","Lecomte","Alexandre","03 37 19 85 20","vincent.cousin@cousin.com","0"
"11900","612","paulette378239","[""ROLE_USER""]","1->Zcx","Lacombe","William","+33 (0)4 23 47 ","alves.paul@hotmail.fr","0"
"11901","616","david.antoine4002","[""ROLE_USER""]","n49#KQC>S|`YxIIMLI","Leclercq","David","+33 6 51 22 42 ","adam.pierre@riou.com","0"
"11902","615","susanne869535","[""ROLE_USER""]","u;[PKY'Gjl^@27{vpt","Schmitt","Denise","+33 2 13 11 01 ","lgoncalves@lesage.com","0"
"11903","614","marie.bernard2026","[""ROLE_USER""]","UEJb""(FrwA!","Lacroix","Céline","+33 3 20 99 66 ","zoe.lebon@tiscali.fr","0"
"11904","614","augustin.boulanger6888","[""ROLE_USER""]","B-g2.RV8XUY","Leconte","Adrien","+33 (0)2 77 42 ","zfouquet@raymond.fr","0"
"11905","620","xadam5673","[""ROLE_USER""]","Q;P^]--Ue)","Delorme","Océane","06 80 82 48 72","oremy@allard.org","0"
"11906","619","sylvie.richard416","[""ROLE_USER""]",">?||1`>rp\H_ff.!m","Coste","Lorraine","01 06 70 57 35","william.marechal@free.fr","0"
"11907","618","pereira.robert7559","[""ROLE_USER""]","A0Au'}{v1]uc|u08""s","Paris","Patrick","07 88 93 47 70","qmartin@girard.fr","0"
"11908","613","eugene326829","[""ROLE_USER""]","5nec-WU#K>'VXd+6","Raymond","Guillaume","+33 1 47 24 14 ","hamel.alex@voila.fr","0"
"11909","616","gabriel.bertrand6484","[""ROLE_USER""]","$0\_`%=_>$Q#","Perrin","Odette","+33 (0)6 14 02 ","antoine.begue@guyon.fr","1"
"11910","619","gosselin.stephane8631","[""ROLE_USER""]","<4p3T>,U","Guillon","Philippine","0659822610","bjoseph@sfr.fr","0"
"11911","616","dramos9236","[""ROLE_USER""]","z""p#=g9]<i","Lucas","Valentine","+33 (0)2 00 52 ","margot.tanguy@dias.com","0"
"11912","612","sylvie788407","[""ROLE_USER""]","uF@qgehh:7qZc303","Besson","Augustin","0897922820","lemonnier.luc@wanadoo.fr","0"
"11913","612","frobert5811","[""ROLE_USER""]","Iq$@g:BTY2Hok|SHX","Poulain","Daniel","+33 (0)5 09 45 ","roger.gaudin@hotmail.fr","0"
"11914","616","marianne.ruiz4977","[""ROLE_USER""]","Eb|?o?Prv(,|%r<l","Coulon","Édith","+33 1 81 55 00 ","allain.alain@mendes.com","0"
"11915","612","nicole.martins8544","[""ROLE_USER""]","RF5gN-ku\VD=k4Be_u[","Devaux","Christine","+33 (0)3 86 66 ","isabelle07@delorme.fr","0"
"11916","620","marie689325","[""ROLE_USER""]","3d[-XY`p","Lopez","Margot","08 12 23 24 64","agnes.leroux@gaudin.com","0"
"11917","619","jeanne.colas6931","[""ROLE_USER""]","rmPEqo5eF9fH\PW&0D","Petit","Gabriel","04 51 42 33 06","menard.audrey@voila.fr","0"
"11918","612","bblanc2853","[""ROLE_USER""]","`_:MC@","Besson","Paul","04 36 18 92 91","perrier.michelle@baron.org","0"
"11919","617","hdijoux4728","[""ROLE_USER""]","~(F?ri;""=iW","De Sousa","Pierre","0445527927","edouard61@texier.fr","0"
"11920","612","ndurand7071","[""ROLE_USER""]","0N~OieDT3{","Daniel","Maggie","0100151600","aimee13@lamy.com","0"
"11921","619","ypetit884","[""ROLE_USER""]","I)2<6!{x!","Navarro","Suzanne","+33 (0)1 71 91 ","manon.etienne@delaunay.org","1"
"11922","615","alfred991758","[""ROLE_USER""]","-Mz_)RBNa5C","Levy","Isaac","0893028539","lombard.agnes@laposte.net","0"
"11923","620","dleroux3932","[""ROLE_USER""]","2x|:l)<>'3:pl]hb","Marechal","Suzanne","+33 (0)9 42 63 ","louis58@orange.fr","0"
"11924","617","zbarthelemy5404","[""ROLE_USER""]","pn[MIv'e-+`Kos","Deschamps","Paul","0743499845","hparis@schmitt.fr","0"
"11925","613","bmartineau3948","[""ROLE_USER""]","EC`B(lfoGJS]^","Guillon","Benoît","+33 (0)8 18 00 ","anastasie.leleu@vallet.fr","0"
"11926","616","marguerite.pereira2036","[""ROLE_USER""]",":F9de,=","Masson","Amélie","06 94 02 96 63","gbriand@noos.fr","0"
"11927","614","denis.martins602","[""ROLE_USER""]","R@5tx<","Cordier","Jeanne","+33 1 23 41 17 ","broy@pelletier.org","1"
"11928","612","lregnier4631","[""ROLE_USER""]",",k4$.TZ#j&!6j\V^e","Da Silva","Paul","+33 (0)4 43 66 ","dominique.delannoy@ifrance.com","0"
"11929","620","antoine.dasilva5574","[""ROLE_USER""]","Pw_f7Bg{~d$xc&K,d","Durand","Julie","+33 (0)1 05 76 ","henri.bousquet@free.fr","0"
"11930","614","chauveau.matthieu6582","[""ROLE_USER""]","rNLI&^","Brun","Marianne","+33 3 10 17 81 ","david08@courtois.com","0"
"11931","612","launay.catherine9608","[""ROLE_USER""]","%wQ'=n#qQF`M#CcjJ","Jean","Vincent","+33 (0)5 70 32 ","tbenard@ifrance.com","0"
"11932","613","antoine.benoit3833","[""ROLE_USER""]","G7>'@d0q","Lefebvre","Élodie","0160205040","renault.anouk@laposte.net","0"
"11933","614","ojacquet5401","[""ROLE_USER""]","<dH4KnPj","Guyon","François","+33 (0)5 28 48 ","kfrancois@brunet.fr","0"
"11934","618","denise684332","[""ROLE_USER""]","N:|YixlPDx/8","Hubert","Frédérique","0972188097","glopez@laurent.fr","0"
"11935","612","nnoel9216","[""ROLE_USER""]","Z|9u(""{e1#(!d[=UCkb","Gilbert","Olivier","05 32 56 47 70","stephane74@barthelemy.com","0"
"11936","615","xavier057562","[""ROLE_USER""]","\isj2aV))\d`jK<q*Dr","Marchand","Susan","+33 3 09 42 69 ","rene24@free.fr","0"
"11939","616","test","[""ROLE_ADMIN""]","$argon2id$v=19$m=65536,t=4,p=1$bTZmeDhjc3lJUC92QUZsMw$cTBOtfAoAfxvWivuHS0DtRxxEbyJZOFmPj5lZ1u75NI","wololooooo","123456","0610603334","testio@test.com","1"
"11940","611","RegisLeFou","[]","$argon2id$v=19$m=65536,t=4,p=1$c0hGMi9xN0Z1OXkxRUxnNw$hLEMZBBzoYPjlOtoGgwTfOhgcqkwXOd/y4/WAj+2k7k","lefou","regis","0610603334","regis@regis.com","1"
"11941","611","jojoLaTerreur","[""ROLE_USER""]","$argon2id$v=19$m=65536,t=4,p=1$enlZMmg1WmlxeE1uNkRkRQ$mtk03ou+CCcOPXGQj1hOilLxAMPoFnAHfu44ZRpjV3w","laterreur","jojo","0610603334","doo@doo.com","1"
